GROUP,PACKAGE,CLASS,INSTRUCTION_MISSED,INSTRUCTION_COVERED,BRANCH_MISSED,BRANCH_COVERED,LINE_MISSED,LINE_COVERED,COMPLEXITY_MISSED,COMPLEXITY_COVERED,METHOD_MISSED,METHOD_COVERED
ims,com.qa.ims.exceptions,CustomerNotFoundException,3,0,0,0,1,0,1,0,1,0
ims,com.qa.ims.controller,Action,21,176,3,17,8,19,3,12,1,4
ims,com.qa.ims.controller,CustomerController,0,109,0,2,0,29,0,7,0,6
ims,com.qa.ims.controller,ItemsController,64,61,1,5,16,18,3,6,2,4
ims,com.qa.ims.controller,OrderController,62,255,2,6,17,52,3,10,2,7
ims,com.qa.ims,IMS,171,0,20,0,55,0,21,0,6,0
ims,com.qa.ims,Runner,16,0,0,0,6,0,3,0,3,0
ims,com.qa.ims.persistence.dao,ItemsDAO,62,171,0,2,24,44,0,10,0,9
ims,com.qa.ims.persistence.dao,CustomerDAO,62,171,0,2,24,43,0,10,0,9
ims,com.qa.ims.persistence.dao,OrderDAO,54,130,0,2,21,33,1,9,1,8
ims,com.qa.ims.persistence.dao,OrderLineDAO,70,187,0,2,28,45,4,10,4,9
ims,com.qa.ims.utils,DBUtils,50,158,2,4,12,33,3,12,1,11
ims,com.qa.ims.utils,Utils,69,3,4,0,28,1,8,1,6,1
ims,com.qa.ims.persistence.domain,OrderLines,0,69,0,0,0,21,0,11,0,11
ims,com.qa.ims.persistence.domain,Order,0,42,0,0,0,13,0,7,0,7
ims,com.qa.ims.persistence.domain,Domain,47,58,2,0,10,7,4,2,3,2
ims,com.qa.ims.persistence.domain,Customer,0,176,0,30,0,48,0,26,0,11
ims,com.qa.ims.persistence.domain,Items,0,72,0,0,0,20,0,10,0,10
